SERVICO_SEND;INCLUSAO_CONTRATO;901;BANCO VOTORANTIM SA;59588111000103;20230303;0,00;20230302;103501;MG20230228NIL01;19901;MG;NILSON GOMES DOS SANTOS;00000000000191;Registradora 901 - 5;76387076000183;20230302;
SERVICO_SEND;INCLUSAO_CONTRATO;901;BANCO VOTORANTIM SA;59588111000103;20230303;0,00;20230302;103512;MG20230228NIL04;19904;MG;NILSON GOMES DOS SANTOS;00000000000191;Registradora 901 - 5;76387076000183;20230302;
SERVICO_SEND;INCLUSAO_CONTRATO;901;BANCO VOTORANTIM SA;59588111000103;20230303;0,00;20230302;103517;MG20230228NIL06;19906;MG;NILSON GOMES DOS SANTOS;00000000000191;Registradora 901 - 5;76387076000183;20230302;
SERVICO_SEND;INCLUSAO_CONTRATO;901;BANCO VOTORANTIM SA;59588111000103;20230303;0,00;20230302;103521;MG20230228NIL08;19908;MG;NILSON GOMES DOS SANTOS;00000000000191;Registradora 901 - 5;76387076000183;20230302;
SERVICO_SEND;INCLUSAO_CONTRATO;901;BANCO VOTORANTIM SA;59588111000103;20230303;0,00;20230302;103522;MG20230228NIL09;19909;MG;NILSON GOMES DOS SANTOS;00000000000191;Registradora 901 - 5;76387076000183;20230302;
SERVICO_SEND;INCLUSAO_CONTRATO;901;BANCO VOTORANTIM SA;59588111000103;20230303;0,00;20230302;103523;MG20230228NIL10;19910;MG;NILSON GOMES DOS SANTOS;00000000000191;Registradora 901 - 5;76387076000183;20230302;
SERVICO_SEND;INCLUSAO_CONTRATO;901;BANCO VOTORANTIM SA;59588111000103;20230303;0,00;20230302;103523;MG20230228NIL13;19913;MG;NILSON GOMES DOS SANTOS;00000000000191;Registradora 901 - 5;76387076000183;20230302;
SERVICO_SEND;INCLUSAO_CONTRATO;901;BANCO VOTORANTIM SA;59588111000103;20230303;0,00;20230302;103524;MG20230228NIL15;19915;MG;NILSON GOMES DOS SANTOS;00000000000191;Registradora 901 - 5;76387076000183;20230302;
SERVICO_SEND;INCLUSAO_CONTRATO;901;BANCO VOTORANTIM SA;59588111000103;20230303;0,00;20230302;103524;MG20230228NIL22;19922;MG;NILSON GOMES DOS SANTOS;00000000000191;Registradora 901 - 5;76387076000183;20230302;
SERVICO_SEND;INCLUSAO_CONTRATO;901;BANCO VOTORANTIM SA;59588111000103;20230303;0,00;20230302;103524;MG20230228NIL19;19919;MG;NILSON GOMES DOS SANTOS;00000000000191;Registradora 901 - 5;76387076000183;20230302;
SERVICO_SEND;INCLUSAO_CONTRATO;901;BANCO VOTORANTIM SA;59588111000103;20230303;0,00;20230302;103525;MG20230228NIL23;19923;MG;NILSON GOMES DOS SANTOS;00000000000191;Registradora 901 - 5;76387076000183;20230302;
SERVICO_SEND;INCLUSAO_CONTRATO;901;BANCO VOTORANTIM SA;59588111000103;20230303;0,00;20230302;103525;MG20230228NIL25;19925;MG;NILSON GOMES DOS SANTOS;00000000000191;Registradora 901 - 5;76387076000183;20230302;
SERVICO_SEND;INCLUSAO_CONTRATO;901;BANCO VOTORANTIM SA;59588111000103;20230303;0,00;20230302;103527;MG20230301NIL03;19903;MG;NILSON GOMES DOS SANTOS;00000000000191;Registradora 901 - 5;76387076000183;20230302;
SERVICO_SEND;INCLUSAO_CONTRATO;901;BANCO VOTORANTIM SA;59588111000103;20230303;0,00;20230302;103528;MG20230301NIL05;19905;MG;NILSON GOMES DOS SANTOS;00000000000191;Registradora 901 - 5;76387076000183;20230302;
SERVICO_SEND;INCLUSAO_CONTRATO;901;BANCO VOTORANTIM SA;59588111000103;20230303;0,00;20230302;103531;MG20230301NIL12;19912;MG;NILSON GOMES DOS SANTOS;00000000000191;Registradora 901 - 5;76387076000183;20230302;
SERVICO_SEND;INCLUSAO_CONTRATO;901;BANCO VOTORANTIM SA;59588111000103;20230303;0,00;20230302;103531;MG20230301NIL13;19913;MG;NILSON GOMES DOS SANTOS;00000000000191;Registradora 901 - 5;76387076000183;20230302;
SERVICO_SEND;INCLUSAO_CONTRATO;901;BANCO VOTORANTIM SA;59588111000103;20230303;0,00;20230302;103532;MG20230301NIL14;19914;MG;NILSON GOMES DOS SANTOS;00000000000191;Registradora 901 - 5;76387076000183;20230302;
SERVICO_SEND;INCLUSAO_CONTRATO;901;BANCO VOTORANTIM SA;59588111000103;20230303;0,00;20230302;103532;MG20230301NIL21;19921;MG;NILSON GOMES DOS SANTOS;00000000000191;Registradora 901 - 5;76387076000183;20230302;
SERVICO_SEND;INCLUSAO_CONTRATO;901;BANCO VOTORANTIM SA;59588111000103;20230303;0,00;20230302;103533;MG20230301NIL25;19925;MG;NILSON GOMES DOS SANTOS;00000000000191;Registradora 901 - 5;76387076000183;20230302;
SERVICO_SEND;INCLUSAO_CONTRATO;901;BANCO VOTORANTIM SA;59588111000103;20230303;0,00;20230302;103533;MG20230301NIL44;19944;MG;NILSON GOMES DOS SANTOS;00000000000191;Registradora 901 - 5;76387076000183;20230302;
SERVICO_SEND;INCLUSAO_CONTRATO;901;BANCO VOTORANTIM SA;59588111000103;20230303;0,00;20230302;103533;MG20230301NIL41;19941;MG;NILSON GOMES DOS SANTOS;00000000000191;Registradora 901 - 5;76387076000183;20230302;
SERVICO_SEND;INCLUSAO_CONTRATO;901;BANCO VOTORANTIM SA;59588111000103;20230303;0,00;20230302;103534;MG20230301NIL46;19946;MG;NILSON GOMES DOS SANTOS;00000000000191;Registradora 901 - 5;76387076000183;20230302;
SERVICO_SEND;INCLUSAO_CONTRATO;901;BANCO VOTORANTIM SA;59588111000103;20230303;0,00;20230302;103534;MG20230301NIL59;19959;MG;NILSON GOMES DOS SANTOS;00000000000191;Registradora 901 - 5;76387076000183;20230302;
SERVICO_SEND;INCLUSAO_CONTRATO;901;BANCO VOTORANTIM SA;59588111000103;20230309;0,00;20230308;114500;8AWPB05Z3BA500756;510357323;SP;XYDIYG VLZLLGC JUHSO;00039277968672;Registradora 901 - 1;17627493000197;20230308;
SERVICO_SEND;INCLUSAO_CONTRATO;901;BANCO VOTORANTIM SA;59588111000103;20230311;0,00;20230310;170500;93ARAULSCDNEK2308;730282308;SP;LUIZA FALCAO RAIMUNDO;00017224608149;Registradora 901 - 1;17627493000197;20230310;
SERVICO_SEND;INCLUSAO_CONTRATO;901;BANCO VOTORANTIM SA;59588111000103;20230324;0,00;20230323;101502;MG20230301NIL58;19958;MG;NILSON GOMES DOS SANTOS;00000000000191;TECNOL;11224668000139;20230323;
SERVICO_SEND;INCLUSAO_CONTRATO;901;BANCO VOTORANTIM SA;59588111000103;20230324;0,00;20230323;101540;MG20230301NIL51;19951;MG;NILSON GOMES DOS SANTOS;00000000000191;ALIAS;56924954000145;20230323;
SERVICO_SEND;INCLUSAO_CONTRATO;901;BANCO VOTORANTIM SA;59588111000103;20230324;0,00;20230323;101545;MG20230301NIL52;19952;MG;NILSON GOMES DOS SANTOS;00000000000191;MONTREAL;44637524000163;20230323;
SERVICO_SEND;INCLUSAO_CONTRATO;901;BANCO VOTORANTIM SA;59588111000103;20230324;0,00;20230323;101550;MG20230301NIL53;19953;MG;NILSON GOMES DOS SANTOS;00000000000191;MONTREAL;44637524000163;20230323;
SERVICO_SEND;INCLUSAO_CONTRATO;901;BANCO VOTORANTIM SA;59588111000103;20230324;0,00;20230323;101559;MG20230301NIL54;19954;MG;NILSON GOMES DOS SANTOS;00000000000191;MONTREAL;44637524000163;20230323;
SERVICO_SEND;INCLUSAO_CONTRATO;901;BANCO VOTORANTIM SA;59588111000103;20230324;0,00;20230323;101720;MG20230301NIL55;19955;MG;NILSON GOMES DOS SANTOS;00000000000191;SERASA;62173620009306;20230323;
SERVICO_SEND;INCLUSAO_CONTRATO;901;BANCO VOTORANTIM SA;59588111000103;20230324;0,00;20230323;101725;MG20230301NIL56;19956;MG;NILSON GOMES DOS SANTOS;00000000000191;ALIAS;56924954000145;20230323;
SERVICO_SEND;INCLUSAO_CONTRATO;901;BANCO VOTORANTIM SA;59588111000103;20230324;0,00;20230323;101730;MG20230301NIL57;19957;MG;NILSON GOMES DOS SANTOS;00000000000191;ALIAS;56924954000145;20230323;
SERVICO_SEND;INCLUSAO_CONTRATO;901;BANCO VOTORANTIM SA;59588111000103;20230324;0,00;20230323;101753;MG20230301NIL42;19942;MG;NILSON GOMES DOS SANTOS;00000000000191;TECNOBANK TECNOLOGIA BANCARIA S/A;41784495000174;20230323;
SERVICO_SEND;INCLUSAO_CONTRATO;901;BANCO VOTORANTIM SA;59588111000103;20230324;0,00;20230323;101757;MG20230301NIL43;19943;MG;NILSON GOMES DOS SANTOS;00000000000191;ALIAS;56924954000145;20230323;
SERVICO_SEND;INCLUSAO_CONTRATO;901;BANCO VOTORANTIM SA;59588111000103;20230324;0,00;20230323;101802;MG20230301NIL50;19950;MG;NILSON GOMES DOS SANTOS;00000000000191;SERASA;62173620009306;20230323;
SERVICO_SEND;INCLUSAO_CONTRATO;901;BANCO VOTORANTIM SA;59588111000103;20230324;0,00;20230323;101809;MG20230301NIL49;19949;MG;NILSON GOMES DOS SANTOS;00000000000191;ALIAS;56924954000145;20230323;
SERVICO_SEND;INCLUSAO_CONTRATO;901;BANCO VOTORANTIM SA;59588111000103;20230324;0,00;20230323;101815;MG20230301NIL48;19948;MG;NILSON GOMES DOS SANTOS;00000000000191;ALIAS;56924954000145;20230323;
SERVICO_SEND;INCLUSAO_CONTRATO;901;BANCO VOTORANTIM SA;59588111000103;20230324;0,00;20230323;101821;MG20230301NIL47;19947;MG;NILSON GOMES DOS SANTOS;00000000000191;TECNOL;11224668000139;20230323;
SERVICO_SEND;INCLUSAO_CONTRATO;901;BANCO VOTORANTIM SA;59588111000103;20230324;0,00;20230323;101828;MG20230301NIL45;19945;MG;NILSON GOMES DOS SANTOS;00000000000191;ALIAS;56924954000145;20230323;
